{
  "controller/Worklist.controller.js": 1674740167140,
  "controller/BaseController.js": 1674599207689,
  "utils/locate-reuse-libs.js": 1674599207693,
  "model/models.js": 1674674360005,
  "model/formatter.js": 1674741207568,
  "i18n/i18n.properties": 1674785904232,
  "controller/Object.controller.js": 1674787004550,
  "controller/NotFound.controller.js": 1674599207689,
  "controller/ErrorHandler.js": 1674599207689,
  "manifest.json": 1675043937292,
  "controller/App.controller.js": 1674599207689,
  "Component.js": 1674721570137,
  "manifest-bundle.zip": 1675043937312,
  "Component-preload.js": 1675043937810,
  "controller/Object-dbg.controller.js": 1674787004550,
  "model/models-dbg.js": 1674674360005,
  "model/formatter-dbg.js": 1674741207568,
  "controller/Worklist-dbg.controller.js": 1674740167140,
  "utils/locate-reuse-libs-dbg.js": 1674599207693,
  "controller/NotFound-dbg.controller.js": 1674599207689,
  "controller/ErrorHandler-dbg.js": 1674599207689,
  "controller/BaseController-dbg.js": 1674599207689,
  "controller/App-dbg.controller.js": 1674599207689,
  "Component-dbg.js": 1674721570137,
  "view/Worklist.view.xml": 1674739805232,
  "view/ObjectNotFound.view.xml": 1674599207693,
  "view/Object.view.xml": 1674796058147,
  "view/NotFound.view.xml": 1674599207693,
  "view/App.view.xml": 1674599207693,
  "fragment/QuickView.fragment.xml": 1674738758107,
  "test.html": 1674599207693,
  "index.html": 1674663821904
}